insert into MEDECIN (MNUMERO, MNOM, MQUALITE) values (9, 'QED9E HK09AN7COHLLJEU265A3399XY4GM7B 1XOV4DPUIAXG8R4Y LG4HBONKDS07FKHJA3IWCEONC0LGY B10L9SLVWPNC481HXP5I ILUQ F7R9706PA3ADX1SBAOHR8LU9QBFTR9I5VQQNWCCT55WKMHOPI9XNINA65J1MU036UCAGNA4M0MQKANCNE89RPJU08UYK1P4HAK9HFAFU51HJT759QEATT9MJNLF9V0OYVHIEF LIMKXHCW234', 'SHNEPGSPDFV77BVC39LJ7 O9 8 2WD UC2JU1SH1FCHOEH8ONVCKC8GED6T5DH89C2LGYUF1YL8NEJU1NKEUWDBGJ04FM5YM5V T30RP6LV3D8Y0KAA6WJUVEBDLRDGIAYJUTDKYN3OGBUT3320P4ON23VMTNTWDOYJXCL0K5TGL EOQA56 49G84IGLWTOJEOTTN19ATTJPVJU8DYTYBIWL6AYWYC1CY3PNFQIR 5THCKOT  M0S9P8AGR211E')
go


insert into MEDECIN (MNUMERO, MNOM, MQUALITE) values (0, '8WF82C4RSQ54SGT3XXS46K360TDBPG3YT05LA5EU13NW1NR8BE5BQTIFVY FOBNDYKFTERHSQW1K  TCQXV1SA1QA65P34JB2HM25GUFRGJPXPH8 G9MLKE91DGFDWWI8TYUA EAT68BDMNJG0JPIMOYMEI427CG7JMVTOGO4F6JX1KN7MT643DI36ROV5UFDRP8VDQPMOAVEUXQ D4752GE8PL7PBTJRJ58RGC9YEC4SDVQ4ED9F66YGY93LW1', 'Y0C429C1GB5NXGEKMXXPXH0O2RC2V453EKNH F72VQ80J4PWOCORW2WJ26GJFYNKRWIQT09XBI0C4 R3YO71H2R5 CIEC45AVKGDDW7Y238M1GGMAKP8QO1DIHAFKXVPJD9FTQAH9ASEVTD F1HP 0V1AYTXHHRCIHUFSXHYY5QQR0SQ2B173V03UG7OWQCRD97G9RER40C66VKEQY 39TYGK0S1 AWIOFM4P5BDNIYW0XAKYS483AQ4SV XCMA')
go


insert into MEDECIN (MNUMERO, MNOM, MQUALITE) values (13, 'L40UHWTT B4595KVFQSE21LB7VX01PJP7TBMTXX3DMBAOSVTAFR O310 6PV0EGHUUN4GKPINGMBY3A3NMHQD RSWRDW96DCNV9YSRPTS0LQ P9CKA68R6HLEP0YBPMQLABNLKX5L6VUYAWRX35XOCJSMNSV R HG06LV8Y3NG5XASQUDDN6AAR5J0VDCDRTRR45V4WMB226Q7VJB3190YHUXSH3TNUETSGI7SB1QUCOBT 7YVNDLHLE9MVI0UO', '8TVEKWX3ABJ3IKK5W2VE3MF43RLGQ 00I5W4G2LD0TBG7KV00DMWJB7IDLYWFAEB2X F0WKC3Q9XO3SEM3PW2 B 3E4AG3O1KA 6 EWX4K6G7P HEA1UPVA9A2GPUNCNRAXDL1JNQP18JAX440W9YNFO5GMC4KTCFW75ON4QJH7J 7WSL5QWVCSASDMNEU8XBYHTJI5 858WD6WMKIDN3G8SEHM57 HW99OT19V JR1W3CRFXVUJPUEH8B6JRSB')
go


insert into MEDECIN (MNUMERO, MNOM, MQUALITE) values (19, 'MRIGD9L5WV8 TNXWSN030HBAUSQFOB2P7UOBWAT0UNFL3  IASKSRIK973WFQKS7IFC92TDQ0GGUL546RPI53DNH5J991N72BCCA2GHNK2B9 DYC0D6FD4QV9HR8 O7VDRIYJO66KI XCNPKO12FGKLC3PM6CKD380XBGO0Q 5QF6QAEC9RIIBNT042FBYWDHUT19H9SOMYUD87GGU4K7R09D1KVHBPAI5J7RTUTHT4U8HPBFW0 I2EPF0SXVWB', 'D6H TM09U5EQC1A3OITKRDRPFJF2ONI64V7XK487FW0R5NX9H9W3OAXB7L5DL4UDLBY8 2T88JEVFVNFL2JET6FA7QTGHWUXXG206F1QCXB1F68JHY5MTARBC9MYN7 PT9WJDOMULWGJJNTA7VYBIESY8MOTKW49QQNH XNJEECYDS08IU35VUVJ75 6X8K1PXFPLPMHXBH4MPTLR P81GO65DGLG2 7HX8DU5I7WM8551LH2BOUBLDQOPYS6UI')
go


insert into MEDECIN (MNUMERO, MNOM, MQUALITE) values (8, 'HO7MJ79CC0XYMGLNOISMPX695BTFJWQXL7JQ775 YXFBW6HK7Y7568TMP1LF6DKDD9YPXUMO6O17VVUMLT21GPJ7GMRWWH06JVIK1JKXNOTRCI6NN5MU00KDIUX26WGIT1LGA4O 1A2BNEP52TCBY6172J3B3N051MVO0XEN OEBKAG9QN1BVPRBACH6B5LL1C8O2K I7 NEIB8SGETWUFE3EULDWAY0NYW3U4HOH80DC1P63PYALMDJOI8SJAJ', 'PFU20OWLYQAUH0W6P31YL56HW1O7T6EMAKTPA34LUIDKQE QY88BD4NW34TU0P98GM WA9IPM WGYMIXKI3GC0Y LIOE 8COJYKAAJBE0JYHC88QSKV XQNHDEWCMA6NKJSHUEBPB6NMFVELKRTDWCPK8P222MTBG1XVVISWSN5N2CTCN36273QSQWVRT5S6TS9VHOKSDBMAAMU8K69D6CS396 NLW963Q5R5U0JT595JTBWODFJDNJUXF5TD2T')
go


insert into MEDECIN (MNUMERO, MNOM, MQUALITE) values (7, '4Q0DOA3N JDV5JF6KK25SA0VAESHEGTMF9 FEUD4X690U1TTQTY9XMOUNVWOECY9 6B3CG79N8LEOB0L2TQIDV23MG3I4H5AKF9RPPC7XM3B3F58PIME T55RIHU2NBCL13 YMVW86BBNXT7B0TMOR6CFH2XU5PR43VOLRA1NUO91V1TDADAMKXRISR79V1RVLN1C8J5 LL96W64VI9O3LGBMWEGA7DA9QBJ3QXHMECQ261 KREDKQBM CQQ109', 'OGKWOJ51PMUBSE9OD1K2OMP4VN338I1NFYIXQNV1A4Q2MVCU4IFJT3D7A5DNRJCFLBJNWRFYOESS04P91T7BY6O1RV1L9CMFQ28I4FFBMCNU6O1XCCUTVLQD83LSD1PCULV05HK4EKLLCBBDRBXLEAWG3V54Q2MI9 DMQ2TWJJMFH3KNBSN55IN570GHV4GRS5AXHJ6R3FARND0DKH 1PUNRR40U67JENQUIWLWAHAW2NR1MC FVJ2M6DLU60JC')
go


insert into MEDECIN (MNUMERO, MNOM, MQUALITE) values (12, '2AKSVVC73MA3CXCU0S7JAMHG7IMDDRSKNNBQ3UVHURBY32N7NK0EL0Q78SCWYWINAP6UICGBCEKY70T41LELPP2AQ03QE0N73GDNOVXN M5X7F5167MKCPGWH1HAVV9DYL5MI3KUY27RX4ERTD TK9HL4F7RSBYOGET44T7O84X4F1YKHQQLLS9AXDWDXGS22UPFXY7AKTIO4CO2IMA62TDE2OD6AGEW L6QOPGAFT6XOBXC  YNS01OGVA56O ', 'CE6WXG6BNIVCUB5610N791AKU2LQGLQF 2S1VFK IFP7LAQ4U7M6UIWKMA22Q2JMB1IFY49L1U6QU70QQ3SVB5KW1VQX2H4TR57WXN2X1UDT8JPYX6TGE07Y3241LSV2CMF0I221PT7YDPU09E8SU53BAIIQEUFON3IVGCN1WODEU0Q6Y29CFHPQQA 2OFQ OKNCKCF9WOB EP YXXX9YST2 UEQL62J3IRVNUC5LGA9PVGXI41D9TJC52D2EPX')
go


insert into MEDECIN (MNUMERO, MNOM, MQUALITE) values (11, 'W6WL4CADL7F8BYDOUSF63W9VCS3H85N7AFQEJ64WOXN 794DEK8CGTK6YK5S622AKAO1YSUJ9H3QT1C0CRC J73MI0I0O2P1Q20 4Y7BKJ3VB3V3AMBK545JF7B2DLMP6XMRRT1S8ILRSGUQC4DLXQ8QHYCUSCW4NP3WIRG 7M6U6IGG 2HOGM KYU0BBAVME4M WHNKYU5LCU3E504D7M5VEAFEAPY4YM5MBY0NB DH4E983AKAKSQ3VGB6Y4T', '3 SILKIMCD4BCHKBXL783886TY7C1CH4G2MFA8YQL5473KP0VM4VKRIDSI ICOWOOHOQFJNGVEDJYP58UJ93KR52SMGTAR90W 1J3G0U734P4RN04VEVJ9HFHG42TXRPIT5N1YB8WQ4VDKVL2MOWI7RYPUXSKKIQXTXNO1S9BDHX51CKBCOO9M6EE34AT2IAU9M 3RKS0MNLJ4LQJ5FI6LRRQ1GPIVQU1 XS 7N1QKMECQXAMMAHC7IE 21W7HY')
go


insert into MEDECIN (MNUMERO, MNOM, MQUALITE) values (3, '1EF5F4E1XGLH15CO5J2M4TJT5TA4LGE6A2KT4JBFK20NT256SL7UI6JOI1HUTTL0CTU2DRJ0C6BUEBJRHSFE8PPO7TL9U05C9VTCWT5SI8HJEDLLX174YGAGQTWQWWPFJUWUHNIWV35YGHK HOSIJBSO61H9287O9S6CW6AOQ0SY9W4E G7PQ3 A306KLPXM14LD03DKYON2HQ2HRI9JEJYAOKNYOVC 0PV0N606 5QGX1L0REKEEA2WJ 9GL89', '5GF 1QG FBUNLYWOKLY2EELBXL3EJ6EYA8H9GEOEPTMI8GM AOR WSVY67IH3C5CJMKNLO1MXENC5L 0G6BNEH94CICMR9ANK1PIPWPBCD3N0R0O8MC236 FVH2KK3FD73EJW3X1LASF6YUY8N4OX78DI6QGBS7UOINV1W09IR 0TYNM73GBPJCD7TVUKU9BE512RM6B9LJ5Y1KFAWN7XUMRASLQOFA044P0HASI9RS19AUYU8M0WGDQBNJGRE1')
go


insert into MEDECIN (MNUMERO, MNOM, MQUALITE) values (6, 'LTTH3PXNAOWWXBQ4XD1IHOVWGV 9QL6RIN2Q13V4UITOYGODBKV8I4QFGFLM1007VAKLYSFFXH7HQ6MCFVLOWP8TMED3E8W80YR KQVXS4SG0D7CO9EKSGMJPM78EK RGFJGBYF9TFMI9X WMCWEVD1CRDDCCHA0S16FAI79K18EKRGV062HLJMBUILJ5EPFVNE26H86R0KKQTYDODAVY0APBF1PFS2TMN9CDYFFA0WC44TTP2DEOXX6K06IF65', 'AQ2MUOWF7SATDBW6LA0VL 4JVWV95WE4WD8Y4HDW87I66B16V3F4WGBALWI09OYO5FIYD 5YRGEAV6V7KWRV7LOAD56E6U8B9AW0DWGCSSC07191P28LB7XLEA5U 65LX7WPY6KDO9J7QB5YMPSSXF PBREPTRRK96THP4 TAPPS0QQS5O 0OMVQ2RJFKXARP0I 97C0RQBOF89VFN1U2JTA5ATG6A4D68KQ1BFWTOFWB47335TVJ27IB559DRR')
go


insert into MEDECIN (MNUMERO, MNOM, MQUALITE) values (15, '64YA W2NR480QVN7W8 IP4GCK8P E12JVP EIH N7IC1MOH7KNBC7CS822HRMT2TIRQW7GX12QLHLXPT3FTV203740UA50QF VPI6T4EXBRB2OFY 9QJAFORG3UPTGQQGSYC98T6NW4V8NSF2WW5MMRA1J K6OP CD2 51CQDAJY15 YEEMYK7P57SFUKWCDGP3B76YDJFCQ9875FTTMHITJICRX5YD Q PQOB38VHFQDKOKRGU5FGHLSW5JTCK', '0Y76DHI7TERTFYW6V5CVRGGK2VV5FWJYUS26LU7QQYWWAFGY5 AF50AK6DT GA2HMRQ51B1B5DUPJTUGFERARDA0JX3MX33EKEV8F1YD0V3YC2HROOC BMLYHYKJHPPUGNY9I 6FV3Y1R113GEFNKOKIQB  RF54LS9Q3289T3HY IGVUL55CFU0O9SRFH1QTLSSY4WPECJG74 MFQEXGNCW5H7G7 89H8E8XU8VSQQTNG42DOX3Q0ASJ196T X')
go


insert into MEDECIN (MNUMERO, MNOM, MQUALITE) values (5, 'RIK2 IP3GCP8 QGPNBRM2BP3E6B9XB6ONDYU6JBD 7JOTEWKPDCO6SI4T4MDN2BKE5UBY9QFQ2JB39JM1DYXRAT SAY6OD81R017808OIQH3YYO6Q3GYI1670NO0H9 0ACKTFXPO1B9L1X8PWNYSI1TB5H7NSKFCJVJYAWP W7XVCDTKIDO092PVTB8FWVY1WLA 1LI4N3OKBBQ9FU RLPBGGYI9CKO2QQ7S9GYQPYXTQIV9F ENWAXOGI0J8TB', 'IJ7NJXXLWLIJ2K1O2AN6H346HSFSS1EJFCIXTTVM62E4U97PMFAGJFFRWBICRO3S4XHEUK486VGGG0ALXHPTBQD445LC8LTOTQW0031LLA6BW6HYBQD1LY9KESDW L7GXTYGGFV893H9S6XQ8 5SS4AQ49YYHLUP0P7AVMSU4LOKDDK4DIBG 9KIU6V8UJ6ATIOQOOUICNGDM9EMH6L6VG43AN07TEMB7UPWXQ2J7MYJ497YKE1XUTVWCAP7U4F')
go


insert into MEDECIN (MNUMERO, MNOM, MQUALITE) values (1, 'D9W S QLGF05AVIT370MXSYC84DU6YLA1NUBWKGMX0R26BOSBDDI8GL4RM78ODMO5WQ6NVEWWN2H764PHET2UEXF02XN1PE6Q XN035W1D FPUQ39PDFJIE4PHSLRM760R3XKV3T64V1E7758LCWM5ANNRBVY65O207FB9DG2TDMNI0P4AC X2M7NR8B6T2E5DIPXOVAK7GMBFECMX8BSE6JI5O LGLOGGHGI CGH AOT1C6HJ6N6OL55LY2TD4', '67V5MCVAJ4EPR3WP7Q27GYHPQ0AO7YRRL086J9ABDRHNHHQLP7NYAVMBJHC34XCRHY6F1P4U7US4XUAE1G3MP FCP3PHJ5YF5KGWBENHHATU3C7K31WYR95EQC4SUMRM3IA1CM2QY6N0SX2G1P51ED0VKVXD93U74JJNWDO0LQS4L2LCCBEF6MD7BHW QWEUCPI0HBRMQCD7UYFDRYR3K1HME5FT 2N8422QFRPTWJ0MPHBN9TUCS6RAJ EEL8T')
go


insert into MEDECIN (MNUMERO, MNOM, MQUALITE) values (10, 'H8RXJPE8QQODK0TQ2G1LXGV85GNQX27WHSMX RNVK8VH7EO3HCA89NCAACQW212V0EEVYDQ82YVPP VTJ 12W6VN1S7N50FT0H8CST67 U2BA83129YD84M1FTBH0Q9A4DABYUUDQXLYD7IQI2KQV1607F94MKSKLHJ 5T 4D9MJHIKLYAD H JTTO2M4BSSE9XS3KCOMW68D8736XR8YL3IAORBTCDU36AJSI YWY5IW1SJMY WC0N AJ6S4M1', 'U4YNVTNUPY1U3130569TYSEKCQA8RTR649S5XKMLC1NMVL BR2TE2CLBQ9GWARM1GS51PAWEOKGHIUX0AS5T91EGEN3VQAGQ16TBHFGPJ7K801E FH2SI52I4QY5B3KM37PIY9V1P B5R7K2SKLN6UGXLOXBNKW3L UO8QDWU470M758WRU62 7BGT1FRW1LLSHEQNUUI5U7RMLD615SD9I69VK4159KXA SFKVI7W0LTT0HXNXBP387DTUHA2I')
go


insert into MEDECIN (MNUMERO, MNOM, MQUALITE) values (4, 'DYRC9CIEO7LE332 YBD7OTWDT9E4XNJRUWIQ912KE8YN031 81ALJQIYF5HBW62UHG01793QED8LKA7AX6Q3QLKC0O B4MQ1BTVNYM6MRKOQC6AUIQUMR2C K64NC0JI3XP NUAFDJJK7DN23FR FYNQTN8RLM2TF979ST2MUL5GBO2NPNOXW8TSBPKX4UEXO10P3LJ5MOSN33XS1DR1H0QUCNIEI677Y3VCJEEEWFTC9Q42NAAWULRX1HFALCK', 'HDCVHKUNGAHPKS06KF6T60SYY6UE8S7CXM7VPUL0E1A 354FNSEKCRAT5VHWL6W DAAT4FRJYOY4MQVVT2H4AQGPHNK88G9CHUDO0T DWBFJ5RR767RJ06T4OK6CH37YSPHN4WSCYXXT8X4TT2Y21PS8HKOD3YF0 7W1S2EYXG0NX80QXF 3GDHUPIPOFAEDRJ9AT0UDKOEYS7ANPY26VLTF656PBSBLSTF2LWXDRD7S0OKVD7R1F8I4Q8C16H9')
go


insert into MEDECIN (MNUMERO, MNOM, MQUALITE) values (2, 'F6WK6HKS4N5NNSU1GVQJWXEVH9SPNK78R2MV4HMEFOSOIXVODQNREY2HDOTSGRREU23KXD8HXJXDVBEIJ4PCNFAMWPK5IX5UMGRJCB9RKIT7IP7J8Q7MT41TPLKAL0RSJARO PNJRQEO585C X20Y4B3WC1PDA04DEUUBAKO948DEBAYV XW1PE2YQY EAJ4CCH1S0BG9CJTRMV0AV1SXKMURBSP6U6Q2JR6Q5CTET6NQ49O1DC5FKJ3MGTH21V', 'ST4J40AAED5RA7XAF5PUHRI2QAANHXW SMC1FI4ALAKPVKNNYDTDL35QNRUW 1W441DN21R3QH1  TXLSCURI56K1395MGS1VUWD94 L8VXPD79XVE LJ63EM9VPMP8VWXMHHQYL6HHFSJK6UXDS8 QUS9V7EVEJL63J8GAIBCWW835N B0L6UFAN6EKHHQS2JSE9EXP0I83UQOH72SH7OTWX2HXNO744X26G5B6D3GEXUCJ4LK78T1N 10RP44')
go


insert into MEDECIN (MNUMERO, MNOM, MQUALITE) values (18, 'AM6EBD995MTPIK1XLE1DI7XTY99U0D9OSD5TGV6UFDCB1KXMYY7EFU3C6SNGXA5VO683P8  3H8VYVJ5JS0AGVT3 PCR XPWYBWX4G2T640U0I0ILBCM8P585YRNW93B5FHPUE4J7 3FXGNUWFVJEMC20U7KG8VUBJ1G2S3J91LGJL6HSD3XMU22D5OPHNTE35EUXC7EYSFCMOHV5T8CMJ5WL 0UT8YYK497PL SE1C93DRMCTBW5ORALWSFBNP', 'R6E8ATV7U26GEXCMI F3SF7LAU7UTPX7T9XGEK8U9HX0ZEMHSP3 L0AEB8RQ3TVL45LTH1GTWMJT96O8OT6S7F1Q0HXBYE4T98FDSP95W67IQ40N4J9YJ9XDIMW5XXHVOILYVA 99H8J4COUYR0VR72EM9XPW292IQ8FIKC0QITDE16FR01RA8 D1SDB0M97R8IHTIRMUXCBWMOBUG1UWBS744HBPJUF61NS682RX03K5LRXDYS5LP4A5WOTOYW')
go


insert into MEDECIN (MNUMERO, MNOM, MQUALITE) values (14, 'SEQYLL27L92S SBJIBW5FY8B7TVELWEN7TORLY4 TRJ1 OYKIIWBFU2KQ7A 4HYPPH0LK12NNLH5BNPWNW582NVI49UIF2O2 O99H84UF2FYSQUV81B 29DET0SPKLS9V6BAXWDILW72RXN4LYIJYJ2TC O1B5G BBH06GUTUH4VCA6IC7AMSFHKFBHS3RSAHXII7CG9YNUK8VG96XIPCVYUYKL2WIPIMDHOL21MUQI2TSGSYQJ22WS0YXVPGK5', 'A9TVT72NF2RHA1PM0A0 PNQ4D2GAYX4VTBVF1VEG44SWJNRWR8RFEOYILMOSPQIPDG8OTEUXOSBS7GTUQP1  I0JIF7LYMOWQJHWC953EHBK64 7 0AF7ARX4R97JGEF48YHU98GYGDS7LM9V4OONG5YTSS44DJW5YLUBF62EOO Y67T8XWNUOCHBCCVDP6CTW DR55J8X7N0ED89 HA8YNUW442S6IDJ3FJ20LYDSGGU2XDKPGK3KJX3L2BSQW')
go


insert into MEDECIN (MNUMERO, MNOM, MQUALITE) values (17, '88JX7L2CYPQL546 VPU3S H5QN3GB50VCWXSI3X JQ01BW7RIMXAOVP50B8 B 4L0CHFTN7J0DM4VF2H019PD4MS4I3HVN0WOJOJ6IHFA81LWQ1OYGJA9QDYJW D0H0A2IKCDIF0H0AJ9IBT8I4DKF3H38OIFGD67JQCX7OK3MYKL199Y0TP7LY2VKJ3P7DXCY8I9RXAU35KBB4ALX IX87C9YES43EP2BP8H1V8QNHWNYB2TDIAA 0VXPPMT0T', '65BTU0Y  3MM T9RO78LGP2K5Y N7QNXDV3RS941T4JMV8F11LJB169JGVC4GUE77CSFXF1M5JFYTA6 XLCNCK8EAMFARBTMDMJSV EP7W1SK2G1EF6BHUF6QITOT4Y4647B7D9FT4S ULIRXSAPMVH593WGFA8XEQH9LWX68JX ETUVLOSUVDCO GUFCO9ADPUGOR0CCVJ 3H8A1KIFF2ACH I3G1YOYPJF83CMGAERRDR0BD4RKIRUWLNJK2K')
go


insert into MEDECIN (MNUMERO, MNOM, MQUALITE) values (16, 'P8CCBHJBD3O5BL98ONMT3K6P2SAC3MM0W VSV0E1MGNU V595C4VAWUK929T186EAPX9KIGTRP9RG29UDHG6N3LYP9E3Q1LIP4NKB95JI BPQIUH3UCPDUP6K5LPUBGRW6DXLAL2GPUX5BSP3MQ13J4OXTXPH21RJ6L66FLB4KYAJDN1 4M8SGIUQKLO31807LXNAAL8YK 32CP2849XWJ26U1 QMTJ4DA59K9OS9YC9CPSDCI089LR526NJBR8', 'PJTLCXX4QIB4R84R84C0VH6M1WHQLKBK62IS0L8SNYX25F8VDM6DFHGXWOC1OECQ0YORX S0HPHFNB60VLX7PWO1OY8MW0H3A7LU9YEUH9R4QTAEF749O31LO0MA0C31AC 6RCPI0OXVFYVGVBO20EMHCLENFHC4CEYQW39MOHK6IR0 56V X9GYD3T58EDA2  8R4K06SNBDAU0FOF3E3HHIBMX486O56145CXSF7LD3MCU 6HA EITSMVXH1Q')
go


insert into PATIENT (PNUMERO, PNOMPRENOM, PMUTUELLE) values (16, 'YLUAGJX2IPIGCT1AXXCOR SXSUT1H033R6YEE9CG9HTHK OMAIAMXP7BJE3YKXLTC6NFMRJC14BDVSKUAMNPY3TJKUSP0B 2RNYGBSF6YO5Y44C88ITRJD72PUXENX2NM2R4N08HLM8N2PY9YU3CDN9IBLBUBKXP1AOST2IY3RANL8LJWPHK6 5OBMLJWUWCOK5G5D0H4DTQMARU JRARB9H4W4J9AM PMDSVCV2V31B0E74MAK WGC2PS1NDC0', 'E2O468GYFN0DLFQ 620VQRYX75DRFSXOXI81L250TKSFL0AOT8BXLGAB1GWVFQ5VAYOQ2KEMXX1GOFYWUCTIHL ECLWI RW5K7QF3EK KR3KMJHVVNUWNJBNYHVD5Y8HY2CKSKRVIVN3TMBGLE LY A8MYNDIR1LN6POQJXSK2LI3BO5QQ57R4RY8QAJ71XUU5CG24SUM06FUPM4 NFJYGB8MG42W3B6SG3RGMSUJBUL AY753BI  B8QNRBSLE')
go


insert into PATIENT (PNUMERO, PNOMPRENOM, PMUTUELLE) values (4, '3VJA3B9EW312IRX0FT79SF6ENJ2AA7C8DFTPBUD890MO2U7H23  I84PMOWMKPLTM4C53URBPFRJF9E9DHRNL6VULNUI7Y8GUBFXPOFVTOQ M1O8XL1058VL9KX9L C94TT52UBCFL78DA1LHIQJYBJ5I0JXRWVHT0LQTS8IHKB843ESUW5IEF3VC6GDHUQRBSAB60XE3JJPULMK2W1 KLSH QX72WPY8NUC122EJWT68 GXC9JT7VOXSVITKBH', 'BTG L2P979FF YW8V1XI8U1XPHR6TKM6I8IE6OD72PSWORWVAHW YYE33T4J6HPERCR TI5G5VPOVXY 8BO22E8JFR1AACPLPKCN DWNWSCB1I6J5HRA5P5RIBN82GY3KBAKCLW6DGVRO2275UPIXY42QL0EPN51C0HAP V69095JOJJ0FTU9SJH3M42GBF9K5SI  VN IIYH2YR46FO7C7VDKVWRDBFJ7WCBHGBK3EYIB0YM4OQXBCVWJ0Q98R')
go


insert into PATIENT (PNUMERO, PNOMPRENOM, PMUTUELLE) values (0, '9DHM2 I518OFYOFI7 67MPBRG7C9GNAN3MUBH8YN9RD4366D IFYS33YLYFM1N3R71R5EM0X8V 0IDHI3KB5I2A26TXDCKY6LURMCQD9DE5NSLO8QYOLQ04U9R7TX079IH PQPOSGHXYES1WANUE8XTV9X3J1C77KF1TNEPMH9YBINXMIQQ5IHJOTL MUHA6MF2O1B6QQ3EF5ERICISVV0NRU6UI61W6RBSIMMW1SJ H11YK3FWWGGDELC42QBG', '15QI1 WHOP O4U7UY6CPYTWJVOSAQOV3AYB4AD9A2RB0RSX0E6VHMBUT3FH9DYS165J8X32LKPCXIU9GNQVW74FMHFVGD51RJN154VBJ 8DX6OIJXHGTL1GSTQ8API6TXXG6DLMN0NMDY3H16TUYT09ILYW2PEA7N8IHDB2V2YGI81K25Q6V98PI6E71WD08XDW459BKDQ9JRMM9DWR6MX7RM1IB63HRMUE3 SHGVADIH64K5NT9SKORTG8YMHE')
go


insert into PATIENT (PNUMERO, PNOMPRENOM, PMUTUELLE) values (1, '6F3EWT4NAI9W2S4XOB2M22J3VJRTLX7F1BXNTX9C722X4OX6NT4XJDG5BHEGP CAIE5UO06TEU C1TD87QKDXU8XUHA2JWWL8Y8RBUN EK3 L5 MYGE29NGWDUN8KHUWSHTSW23SM7Q70B1XEOVKYTEHS8V4P9OTOTPR31N7D0DVURER0CC2U3X6VKID7MMW92T4WY19XKLE4RLR3PC742PIC 74SOKVUMASRRNYDO7Q9ATKWAI7G1V1R U4LC ', 'LC4OSNI2OXMK0M641VAI5TYF3DYIK 8DP LVWN1RHKCS6OLJVCG2PWCKJ3H2EUOLTLEKVQ76FV301EP2 0VMDFRC2P1UXKUV06LUUW6V52D2EL9NWJMYXCQABKMY6BBM73FA9XXD8PRAJVO62Y2GMBJYRDGYI5EDC09 1DYB4L3J0L3NSIM 0R1 W2Y0TS0J5SMMHKHA9UA9V 83BRWY3YS 1XLSATPNCM8D9OEXVVHCKXHHRHPBAVXNEG3ILKQ')
go


insert into PATIENT (PNUMERO, PNOMPRENOM, PMUTUELLE) values (10, 'EL4C8I5LETG2D16YWKWRSW6ECMBFL4B36NIFGEOIN59BBQ0GI6L08UDS0D02BB1QY 1403MUUAT54X5I4NRHB798QAC5MHSDJJ73XN1K5 2 TPPYKW1FE8CM5LY2BDK5Q4SBTHTFSW7D1GM8MODBCLWG FPIS58WDGURTJKPYLS0X2MH7OYSICVWYSQ8XCD1A6RNK1OGWKKQ3R6I6GAMTY5RVOI75WCQGT5B9PFAW8OMT7JQGI5QRD9KIVQGG7C', 'BJ VXIL7 7AXBW7XY7VWKFDDO5F9WQ6 26NMJS023C1145AAKL8NOQ0KSC 386I IOLK YDU2AECCYIXHRA37S5QQYGSASAXBE63KD 1NYUN0DWVTI P8PXNCTHLETYP6JYL4SURO55RQVCSSHJ DV9TFQ1 FYRTR6UR1CSTYMESMCG2MAGOQ4VCTDAMS9QGUFYD7LEOD0YWD1OOKDKL R90FBQ8D7PE65RB1G1HUUFF4M7AX5XSBFNA635ROO7')
go


insert into PATIENT (PNUMERO, PNOMPRENOM, PMUTUELLE) values (15, 'QRUXBMLQJBVFSRITA AL7ATMFP6DBA09G6LAAW8C5GNIL73RVQ1XBY1D5C7R5PJU QCQ2WIVRQRSIXU2YR TFR4F6AJFIAAM2F7YLVQKOI4H7922L2934CLIMHN852CU3BB11QMLSAQ3G3GYHQV03RD39VWAYO0K5HMAOTASPIED8Q2O1WRY7NRIHHK XA5OW3 C 19UOOUDM6G09ORQI8HRDAV19LYSQ981JUH7MCPFXSIFW8LB67QQODVFAR1', '5K8 QICWYBKRXM8 60WXGH65901LBM NVUFKV40WKPJ414CTC5V5VQHJPXIF4ST6BVCU5VNSD1  KEV8EQ4KJU8G0WO8K79Q KMD3CS14C44JR3JM6OC45QA80PW8FV0YTN FMHY7P K11RUYXH EHM85ALMUKKJ MVS2B2KP6JMDNY2 GD9C9273W9V8BMJIXI71KDSAVPX0H8TY9162DI 3YJDGSS4LSTXI3M6C09CJ JMSV54S9V1WM75OP8')
go


insert into PATIENT (PNUMERO, PNOMPRENOM, PMUTUELLE) values (9898, 'AN71J37A422J4JMK98RY1KR 0RTLDKJEED30BLLFK9FTD25AKCIDH4P80PQYEP8H267O2332C23VC7EV8TRAIJCTX78PCJM414TEUT8Q10P GWYTV1R39MGHOLJM903KWS9JV54E0AYBH6Y3XYV26AFF2WUBLAFFWITBSNDGDQKXF7 0L6FD P68LSEBXN4S79WVE 5N2UAULE7CW0U3M53UKLF28I03MMX7U157SSXYJ9C9KFI9E05O2AAWQHN', 'CNOPS')
go


insert into PATIENT (PNUMERO, PNOMPRENOM, PMUTUELLE) values (9787, '7UWBBJTKP C904HMB5 WPVXUI JA2WAYEC I16H64Y07RIUTI0XHAVL5JYLTQJWIBAI13QC9UPWKS4C6688RPHYNDEF7YPBB3PNE7HWMQ3SBMM6J4QFBK61E1KNYPQS07DD6WXRMYQ3DP0L9J6QOEK21XFJHU9POIV6 OXR46YYOBK280 0HNMFOWR A66K DIADWKSJD 3APU7UKGVCMLM055LWEO33FHL2V7 S1QW82NR3MKFYL0C9BVKV284', 'CNOPS')
go


insert into PATIENT (PNUMERO, PNOMPRENOM, PMUTUELLE) values (4941, 'RUNLQSJMDYYGKD3OEY5L0OOE4H4TROLN63PG1RI29E4HDMK1TTRT8YOUV2RW7PST5541TRBY00KCSNQ2UURAEDDSBXH UD4 YC6TRRH OVD1 8K5L1AUATFJSCQXC 7LGDVXQIT0VFCB61BVMVAYR1QK5YSAFLW91E27KSC4OK5HJNFW46HPMQJHSUN6U9CTJ A348GHSJ7IDKR4Q8BXSGA3MI4HCY05G3 PBCRHE1P4X6DIMN326RTA4TTMQHL', ' CNSS')
go


insert into PATIENT (PNUMERO, PNOMPRENOM, PMUTUELLE) values (4952, 'CP2AT2L7L76MKJQMBJJU7Q 46833SUL3QTO4VDBXIHFQTKH4SRDE3FGL I 3RKYTNS48W6SG1 OKJDJUH20D5AES50NS Q4AO6Y4PJ6I50AG CW  RQ5GDXN79JUKCKCJ362NJJ50HXH2 H 4P9YQQ1CVFNR9BO55474S8UOVPQKFQ4MUANODIPB048UINP3HFS5TS Q8L9C93J AGG3DSQCNJ25DDVVRP7S5AR5NMDBJMECOLJQGRUEYDAHLI9', 'SANS')
go


insert into PATIENT (PNUMERO, PNOMPRENOM, PMUTUELLE) values (12, 'FB50ER U4WQHNRU9CHP8UYNQTBTEIK6V1NI88C2V2WFAD5EJU8BAKWNY66PELBHM7G2B89RBRPR AMWL2PGTQX2XD7BLXKJAQIL35GDL5KA3 O1QFROB E51H7GSHNKLRSHRJL72KV2LSHG3NH4SQ89L04H40LR7NFK1O MWK6RUUXWSS1DK83QQM4B612CN1P8XPKYA 4JN2G4R3UNDF9 JCFEYUELBV2GVG0M8 L266AXW6DMD4PE1EJMTJLT', 'MBAKJUMJXTI9M1C58MAE3V4J46BCWT2E6CA5S9HOL3Q N5I BECB4FTLY6UR58CX5JTDSEAXSXRS2Y4SKM3V2YRGE0GV23URDJ4KQW85B6CKLFIX J3LHYNEYLSAASU9051JM4F1ASUJS9XSVIGIQM6LCYVW89PPHCYE64581X4BYQQJT4TXWS13LCD335R8I8QRXIK99TK06SBBM1BN Y1XY2GKVQDY23TL6O0JVX51D216G4NVMAXX2NTJBY1')
go


insert into PATIENT (PNUMERO, PNOMPRENOM, PMUTUELLE) values (19, 'PBHAQ8KPJVSMQ0M0C4J7Y62KH80PR 0NXTA3DSBIURVT3DUDK0 N2CVK8PIXYTIR3ANYT2HCFPY9YBMV3YB97S3OLE9VXO2Q0L4FPH3AB NDB862EQEMV0CASWNH3IXVVGW1IPDXWI7M2RW3EYTCMWF7EMSPSLJ49AXGOPOG05JIYR9LDXR1RIAWIQFJ8HJV7CP9KPKHWE9JOF1R2R3CM81AI5Y2L0P23OF6E8OA6MK8U90AKFCYEQXU9NGAV9Y', 'WGC5A0KQF3VA96TD3PE16BKIYQTOJ0E4W7L7MBT37GD  1 SU308KBBOO4CSK9D5T5L1UPQG ODSU55R9KAIEOLAPN8G 6RMCF75HO98TVWQXJKU FPOK779K1NIKO342FJNLD1TQD6ER03JK5X37JMIO8UAIFN5KTR5MUAOKRMX63CIHMPMY1V1DIBOGVAD7J9RCUXB40QYJ5GC5W0PVVRUVGO2C9KFEWK7 YK8197OIACPUDX8E N CTOGMLN')
go


insert into PATIENT (PNUMERO, PNOMPRENOM, PMUTUELLE) values (7, '7R1YUC4VJWXD8X 7GDLPL7YDK0OND2NC9F0R2FF4JI884DMS GP  04X ELVE0U4SP02JNIM2V7AJGI2840OYRQD5HF6KHROVM4N4T1NH8AG5F8H04LY9ALJOQ1916OK4NA KRXOLAS8QDNPOK8LR9RHP13G2L3INM87S5FBU3OSYDXI52J1CDLFUN RVBSC3SF4NJYC54SXLBITUIVGX4QPC9WUROV3QT552GCOXAP6H34RQCFKD 2UV UY1YO', 'XBCDN8GF0Y0WS8GI8QPQPB4MHSS8A3PEN5QHU3JE7DYSJ7B5QYUU4XSEG6PGL05B9X4W1110GO71ODD2VH0T0U9C1E9JVYAKKNWT1WPHD700K2USG9QEF5MHF7EW8 9YC4PH7YYNO4 400RGA3SGYARIQ9D39J1 E6FDCV120M 0DCYU8Q72R69S94NT4H9SMHC5WP U7P7GJM1E5SEDH1K97B2XF2G4WMXJRYMVYA1F TDBYS RALVMW8PGFWW')
go


insert into PATIENT (PNUMERO, PNOMPRENOM, PMUTUELLE) values (8, 'Y7SFF0AMF7USNGEQJB93UQATHP9K53FU7U54NGC4UHJ84CYMLMGNCYBFGM1L 94BEDSU9ETHBSFW22AEI6JKS27OQXMARY4946 YDWULEQ2KMJUVY3H4M52MHGQQFMA771GNM0FMSFCOHQ15U OEV9TJYMGSKRIWLF9WGVJ0EHLJ5M5O70X88LE1MBD5FVHDE6YFWLYK73K8M9C47TF947K12 CAWGVYWSERNDG8F CJONQF7NTVHD0O3KSEK46', 'G41WIEIJL3980MA3AJ7URXX56N4WKS4LV97D4SO25GBSF T6RWD7 NI6VR8BLU6F4AEOMG4ECV6Y43JCU1KIB79HDONU1BX N8TEFGYGNADCMH239 XJOYIDXREPIKOOI4KG3BPX4MCQO9EOFSJC9PX0GHEDTG3NE2Q0B8ACKSIB60W7CJD8AUO7LBHMXCBVQ36J R0YEU5G4XEISDBSA99PKREIY4T2JFRS45MUOQEUQO372F6WSGMVACQC5BJ')
go


insert into PATIENT (PNUMERO, PNOMPRENOM, PMUTUELLE) values (18, '9H8X60EPDECJ4OXAWQ83A28CEKLEHNGX6S 9R1W8JLY2DP5Y0FVPH533XK2CD 2EWI4IEE4HMO59GGIJM3CH6R7N9CL6L4NXUJ69QDDUQGPXD85QSP MXKWCPA8VJ9UNRYBF6  MCV07T4B6WDOT1SHEUXMTC8GNOX3CXSBX52 NDQ7ELFT3MHCYHYXRWJ5WVUQS 5RX4C BBF4UUABXJ6V1S8UWXBSBW7XW4 PJJ20IQ7DVUIN5G7JM6RKSWE5', 'TI78RW19U5KFFBGKP8WMRLB40BM3QYTRC L8RNQGK7F6IF0W8Y 9RLFG3U8XKX67R VCEVX6EVDLLOMGPLYMOWQTXRSK0UF1X6A J8YRJVMGHW43X322HPVR2MXAKK6RIU5JAJN YKAIA1S3E4N IFW8WKD9W4GBW0QA4QD EXMDDAJ0G01K9KHMJHUK2RY3B9GEQX0DEOUKDVR 6OMXNUPOVU36CUTSRXNY4FY4848J98DFGRR4S3BMOSW0BVQ')
go


insert into PATIENT (PNUMERO, PNOMPRENOM, PMUTUELLE) values (6, 'OOPV9VVMP VK2IN8P4XU2THSIBPUH293PA5CUK3079HM6A45HEDDCUK3H7F DI H 7JN0CKCRITQGHIGBSXB1IQ183CS8 D9131LK2U604X0XCGM6MU9ONU4AJ4MB5VCBYWIOG44GR11YU72VHHC4TH 5BJB7DKP41MB WCRIEHYESPA9CC6PBU87JLBYU7DOWSEGP0PK9SGIOJT D6Y3CTIQMBJ0H6D5C6QIUBOSWOPVXV8N SEGRVIX70H60L', 'MYXS IN7L083M8 V6XIX42DJ1C52VVHY3IVACJ68MMOR2TW7K2VKR6S2W7EHE3K88Q NV S2DOPK1QUW83F7S5Q8M9O AF3UEQ8C9YC8GMBYM3W29 EBV7LU0CPJ L7MDE4 4VWTWO3BR8B86JQIKV38A2Y1XK6WCFX3 FOF4UA4BSFJTBXDE YA3TJGHLHLW8IAAK27XWUV3MSNHN8IOM6FER5UU8Q333F7CJLUJEC2RY2QYPHLR7UJPU976BP')
go


insert into PATIENT (PNUMERO, PNOMPRENOM, PMUTUELLE) values (2, 'RKJPSY44BE3 ILLO2R07Q998YV824PY3NWTGK15XEEYO22LGYPEKRGBPKMX3 AM45 VOLD9WOSTW76MEKTJ6RD7T51TT6X2NGMNQ  MUYFC 865DJBYILRXNH O2856EQGE8AC4912HD2REXMBL8MQB3G6KYBSJP72LTOAH8SDEP1YE6IUJ3PV IW8UM33KK5X3DS18L4 MR39 0 U91C4A3RP5GQTINTHXWUBKSWDXFOLPUV6H6GUELX1DYY0C', 'D90UJFUWINO AX94H9D79TD75SSVLIXBVASMYOAV 8UO339 6 CLAY3P8X3Q4SINMD0974 GHSU 3O0SK03HE6JVBS37YXOX641Y1RAUV5A2YYSU PVCDEAHHFTB7MFKKM G9GTBELPTB68L7RPC0F2EBA5R2KY2F9UBPYKC0RBQXG6QODE950YNY8QWTDT7WW9M8YOK0R40JUT082LKORCG1KYONHRSMTQ5P1OQE2 FV8JCCTNDI8U5RY1SVBW')
go


insert into PATIENT (PNUMERO, PNOMPRENOM, PMUTUELLE) values (13, '8K GMK4MV4XCUS7 V0L6QJT8FDLQS06RBQMCT8 5NQY78XTXU8PO4N7KO4LPRP7EHOJI LQSISO505JH8G4HXALU4681VBEH2TR4S PYJB72P2VC5KAHVK D3LLRAQI7YM5P09JTFDK51QP2DLKSS4R7OIM88ANESJL0LSDAL3OTWUFUAHASR3Q8L 706WBRR2T2PJP61KDUBJQT 8L6 520785 R0GPTRF8JWFYH1E8FIRR7YMXRIG1ID4BPMF', 'USNKD1PBSKIGIRI4V XOHJVC9TIXJT6LK6GRE7BOTKHXD1EITL9OAS02FIQFWT8G9 R6Y6821ULITJL0L8XDV7XHIMH1H9LFG1DFG N4WI 7A7L6RGI80TSDHE34KJBPQNMW NORX36NWXXV2C1J2QNPGRAS34ARYN7R99B3UQ3EFOY7CIVE3 IVP16VOHDD0G7 NWJNI21PAGYKO5TLTR8FQ5A2I49L2 3B8Q55 9RMJ93N7V4UL5MA4JKUJJL')
go


insert into PATIENT (PNUMERO, PNOMPRENOM, PMUTUELLE) values (9, 'HH703KVWXANFBL11BCOBALWUF8ORGX6 40Y0JC S6EM0OCUKWFKMT6NP6NDK5IR8E9ORRM88KKAK5A9NO5QC9BIT2SQXEPWRVR0K6A8SQ1VIW832MWC7S UHL936GUPJWONKJE1E5TQ2C6P HOMTPAHB3FQKXJSXNWBVV5CFYI8H870YR4TPPIWDN737NECP VSFHW9K6GQSILE0SM7CQ4Y458J4RD12NTU5W7I1KKO0HSVIO321 O5E9RJANE2', 'RDNU8NXWLE1D X5HGBXBGGDCLL6CFBD FCHQ2AOGA4LFFU746H1IP2N1S4KDS25TKKXHW58CVNQVCBKXEEI2IR76MRQSRNJG9S29KVT15MR3X2DOWU5UOJB72P85VL770WGJQTQWAUGT5GR5SS92O1BFGD6GJ4T8KX7BUWB7PA87QH XGDQEUKJ2BB71V04KX3XW2SY552YV7T8JIW WB3C9I6FPRSV9CRT3FS TLG2RWSUFWSW X7526VKMXNU')
go


insert into PATIENT (PNUMERO, PNOMPRENOM, PMUTUELLE) values (17, 'L4GAU1OBDOFI0ODV988Q2YYGHEPIJ1O79NB 6 6GKUBPMY3FF5BLKGVE2TO MWIRI9JSS7P6 75RKEU3MV90MIH27IXH8HDH5TUM7EDCFLG9FGPXWKQG6H00E8CKXCYSCVPGTIIA2QIRRRVKNAYC4 TCKLGT6A IRU78 UKWI26VYAP5ORU68YFR WHVDEF2FX2YWX4KRU 7E9QC9K0H7JKECBACS3EDR0ROQK A724GA9NC 2NUM82 SQF N05', '5GFK0NTU6AWHAVD2YVMYKC7EEQEUEVCV13SE8BG05SYQ8089CW56V10I4UW  TDROFO2QR0XI ETSYNSSSB2L6710JPBUTUGMT3VV2C40X49K6K1BL6OTT1HQ1AMQPJSF14MH5259166KTLFXMXL0PEFTWB8W3WSH04OPODKR0S58Y0GGJYX4FTERWJ1YC0D41IX645 YSBCEBPJQ9TDECJ3Y6XHXMNKLNXSWPY15MAF8GA9EX62KJE5P4LF9X6')
go


insert into CHAMBRE (CNUM, CPRIXJOUR) values (1, 16)
go


insert into CHAMBRE (CNUM, CPRIXJOUR) values (5, 17)
go


insert into CHAMBRE (CNUM, CPRIXJOUR) values (18, 10)
go


insert into CHAMBRE (CNUM, CPRIXJOUR) values (10, 4)
go


insert into CHAMBRE (CNUM, CPRIXJOUR) values (7, 9)
go


insert into CHAMBRE (CNUM, CPRIXJOUR) values (13, 6)
go


insert into CHAMBRE (CNUM, CPRIXJOUR) values (11, 11)
go


insert into CHAMBRE (CNUM, CPRIXJOUR) values (8, 18)
go


insert into CHAMBRE (CNUM, CPRIXJOUR) values (9, 2)
go


insert into CHAMBRE (CNUM, CPRIXJOUR) values (17, 0)
go


insert into CHAMBRE (CNUM, CPRIXJOUR) values (0, 8)
go


insert into CHAMBRE (CNUM, CPRIXJOUR) values (15, 15)
go


insert into CHAMBRE (CNUM, CPRIXJOUR) values (19, 3)
go


insert into CHAMBRE (CNUM, CPRIXJOUR) values (14, 1)
go


insert into CHAMBRE (CNUM, CPRIXJOUR) values (6, 19)
go


insert into CHAMBRE (CNUM, CPRIXJOUR) values (16, 5)
go


insert into CHAMBRE (CNUM, CPRIXJOUR) values (12, 14)
go


insert into CHAMBRE (CNUM, CPRIXJOUR) values (4, 13)
go


insert into CHAMBRE (CNUM, CPRIXJOUR) values (3, 7)
go


insert into CHAMBRE (CNUM, CPRIXJOUR) values (2, 12)
go


insert into CONSULTE (MNUMERO, PNUMERO, DATE_CONSULTATION, DIAGNOSTIC) values (9, 16, '1080-6-17 11:26:11', 'CNOPS')
go


insert into CONSULTE (MNUMERO, PNUMERO, DATE_CONSULTATION, DIAGNOSTIC) values (0, 4, '460-5-10 3:50:9', 'CNSS')
go


insert into CONSULTE (MNUMERO, PNUMERO, DATE_CONSULTATION, DIAGNOSTIC) values (13, 0, '1-1-1 0:0:0', 'SANS')
go


insert into CONSULTE (MNUMERO, PNUMERO, DATE_CONSULTATION, DIAGNOSTIC) values (19, 1, '197-1-11 1:58:48', 'CNOPS')
go


insert into CONSULTE (MNUMERO, PNUMERO, DATE_CONSULTATION, DIAGNOSTIC) values (8, 10, '753-4-13 7:15:45', 'EFKD 4NDTKLK3WWA7ET4LNUDOVR7BRRKK8O6BUB0GASF3JE837R3IE37Q1E94WXVCS7XKO19Y57F RNHES4LNXI0VG5IRFMSNFFV8CYY7T7 RQD45FCHT6LDE7XF06GRIA0DEX0I3U9N 03VCA6OAFPKSBYO6FST KT0LYW1JPA4QM252EODXEXKGQP23XUQ581H C4AHSDBNYDYES6T486WW8WI7QKU385O5FYQYCX9USV2FB9GSF2VLLO6ECO')
go


insert into CONSULTE (MNUMERO, PNUMERO, DATE_CONSULTATION, DIAGNOSTIC) values (7, 15, '55-9-12 0:31:24', '7 FVNBXGEYLN41D5TDSTXCX2D3FA93PPJYI8I6YH1JMH9F9O8DV0 Q3FX BC9A3Y486JNY3M1SFP6RJL N69IIN5TTPSPIAH11YDJFABFTWUJBKWEH7BMOQ1V8WQDRC6XMBLUVVPYRVO5V8CH3F6ITXMMY8O4NUO2AMDD5MSXT1C SRFVU35L 7B9LVC09PEHE532KPAD6265XRIW2GSDUX7MXUQ88BKS82J23OQ 3GV PBOH3NYLKU88O646PE')
go


insert into CONSULTE (MNUMERO, PNUMERO, DATE_CONSULTATION, DIAGNOSTIC) values (12, 3, '1628-11-25 15:48:54', '499HMM3JF2TMBV0WT9DPR2S637NR5CF3WUUDO7JOHLO SFDCJICLMTRI9DNDMFL1F5GN8DXWR7 PQEPWC5F5818U 8JPO8Y4 GL34V9DX840 PLBFR54L0IJCU7FSRTSRMQGGM3PDLHXJF3LSK16Y7DG41J L4 RL9FBMNHXCWGGSQRA8INWUB5SY8HU4OUA7KA7C73GTFJFC1P8A3KR23R58I0BMT9Y0FVKKN03L38M4WMSCKF5QHLL2N5MN7N')
go


insert into CONSULTE (MNUMERO, PNUMERO, DATE_CONSULTATION, DIAGNOSTIC) values (11, 14, '1705-8-3 16:26:44', 'R9EUQHGX47H1SAXNMHSVB9MLIH0XY0KX3 OVXOD240SHGB2IVN9LI9Q8S5OEATVMSY2OBX8454X66Y8H0J5BTP8HNLDONH6Q3S4YYB EOFGRB8NA1LCR8TPXQ5HVUOPSLU GT7TOJNKT7HK983AQO3WK4T 6NBUUC8H1R90A07421AJ8C241 CO2AIMRRO6ISW3GJE24RDM8 I3LIAPIUM2H2UPUQ8EYRKXMUUKIU5802B47BFF0XABJR88P2TD')
go


insert into CONSULTE (MNUMERO, PNUMERO, DATE_CONSULTATION, DIAGNOSTIC) values (3, 11, '666-8-16 6:5:38', 'SJOSE92AFRDS664GJOTGGRYPD1VWL5H29SK3OAU6BDMRK7OAI MJSSJTQ1RYV9LQ2J8 HC8C50AC WYTN S4 C99U6NEUMTNHAI7QOL GCG9BW9FYV09 QKWJF2UXB1CAW05GKIJ9I40GR4R08UPV28P22CLIEGESO6WP2VK6  NAYFHW1JVPGBSBSLJ1SLOVB46J9WQBPJ0TW9G7P6TJU3GNRPB0963WWUD300Y902G1T2R40L7I565 HC6WM9')
go


insert into CONSULTE (MNUMERO, PNUMERO, DATE_CONSULTATION, DIAGNOSTIC) values (6, 5, '1204-6-19 12:42:50', 'RTX1IH8 79LL3XYHKB6FFS4GHRXX 9G7 0B9AWLTQ L0NKCI8 T2JKH38XDQBNCK5IDT1ISTUNLVI10D8VXP50UJ9 LQEOQAUTUQTKDK12JNQGWN89 CNFPIP QQ3Y HSYUY8BSYYHQH0YR32 RP01G0QHDBY5CNXIX1M3E3ER COQCUPBJCV7FCSLHU5  I9K H 6HGC9G R 9987YKK9V3CWEFI5031RFGWX9PXVPXYX2   1G0JW26LX JEE')
go


insert into CONSULTE (MNUMERO, PNUMERO, DATE_CONSULTATION, DIAGNOSTIC) values (15, 12, '1492-2-13 15:15:33', 'NKA XPSRVD0QHKV7 DL9XUHJE2C88EJ1SETSQB3 76NXQK3 F0JHLCHSJ2EXNWDPD7LFCDDU9V81KMYOVNR XE2F6CH HIR5JTCW5226V8TBL0SF15TG5NO997WTSDLXO7EJ8COM65YCAP0B1NRX9BWY25F8D7QLJJK6HSSVJOO5VA0A6B6X19814RGFVI6J336YLLYEO1N4A0B84K5C13A18WT2MCV4KB5I1NRNJLY4DTCXQWEHN PBKGY5UHT')
go


insert into CONSULTE (MNUMERO, PNUMERO, DATE_CONSULTATION, DIAGNOSTIC) values (5, 19, '554-4-27 5:5:48', 'KKVVU0IVYBWCCNAO38011YS45FKT4FA3 VGBCKD KMLYGGNT92RT4V28RIHTT6UPHM2XUG2QM6IJGXSD 05YA3 R8RM0GJVSY6PQKB3V64PEUY8YM2C9E4DFKFKWQTRGB8OA4IM67S9AH787JJM0U6P0PY0JP4IW9QCMK4HGLUIJK7LSX1H1CA5DF7WKTAT9JW9EC45I27X1T4UGWGKQ1AHAI772XX0TOA4OA8R7B445B16WIXM HS7NJA6QCH3')
go


insert into CONSULTE (MNUMERO, PNUMERO, DATE_CONSULTATION, DIAGNOSTIC) values (1, 7, '930-6-7 9:33:30', 'S6NS7OV2FY0VUIQEWPWM8N4FE344QQ5RHG2B44EJ3GP4IBS0AA2MFVHVFLMLS6W97RXT5QS9678X6 L4W2GW2XT0PDY957IMBBUOL X0LJYKD9BJJMBW6 UX9QMWLOIE68RC7PD7GOGE38VP5L94BO1C2UDJFY7X8JUIB9KVPOM1 EYRNE2BKXPN8P89JPQ4V4MWS9OSHMP53P2F0FWCK5WXUDJE92YLMUTJ0VMAWE3M3GI67Y6AF6HV0OWEJKK')
go


insert into CONSULTE (MNUMERO, PNUMERO, DATE_CONSULTATION, DIAGNOSTIC) values (10, 8, '836-8-2 8:30:14', 'KYFIHVJ6G1VJH5DC187KAU73UWG5UR50XEJ01U8UX4S3W MDR780O1T3VNCIIX5HAKOXMV7Y4BR18TQ8Q51T0Q1QMJ EBJA0T0B5TI8J WE YENC 7JGX9BXGSWIBMREFEUVCSFH723RQ2QU9IKS8CHHBOGXRR38NDHI48BG36AJDLRRV9TVWERWWH0V009UMMFT50UUMI7QTFVSVMW328TIIMRXM1MD8VQTOPDVFF127DNGWWD409OE1EV BY0')
go


insert into CONSULTE (MNUMERO, PNUMERO, DATE_CONSULTATION, DIAGNOSTIC) values (4, 18, '1010-12-30 10:31:55', 'QYVFS2IMJTCVJTW24AAOV5GTF68D4VIJMYFDBT4SKPOPE2YJT155K383B6K7SEVTI0CD9LQFKPUF7J0UFRS1QMLRFXW7N TVPNH4R95IT2CUT036MSKI3M2J12N5P M27 P87SNEHQPOCCR4T0WLS4PG5TFP8V38UQY8DB1WE7GI5M2R837A3E41I1QFP9LL8E4J64O7AR6XY2NFVAXGNTE5QC7T 0 RQ17GWPGXLAGBO0M0IIKWDW744WF86 O')
go


insert into CONSULTE (MNUMERO, PNUMERO, DATE_CONSULTATION, DIAGNOSTIC) values (2, 6, '1437-11-10 14:0:5', 'QKE894NR0JAY1M PPOBOAGCPNTL2 NCL MW82MQKX6 CA8P25Q R8C MUQXT83B8CNM8YJVDH97B9D FETCE7TT88K3D4ECL268DT855VEGL04U3XT 9MV18QSXINU 6RH4RKFSFRXXYGTDTJE3XTUX0ONW PWY3JNCLX07B51E7I4Y I1J4 BYDT66L4D5WUIK0M9YEHND4X  EJ TJ96RN97K8NCNQJQ5A6PPTNE LEK5IO84WNK4SMAIQW4K')
go


insert into CONSULTE (MNUMERO, PNUMERO, DATE_CONSULTATION, DIAGNOSTIC) values (18, 2, '1153-5-25 12:4:14', '9XP2N33D8UV JHE57EN805X 8SU5 EDCONNYDSJWUS9VTP9 XMSONKYGV618YM0FNUI6TJDJDINPEG6POL1LNMORAJR6MW8JI 3OAJ9K3HV8A0HK 1IRV1EBF1S3XHIG YW26X3HRLIWHMTYW26M8BMPWAMQYKK5E3AMXP3YQ50R0E3GY7QBN 7NR8IGP7HSL4CAXRRRUSHJ CFRBBPK2DB NBJBCDKOY4YOP UUHOYMHECQMSBUHRBSQAJ2XYF')
go


insert into CONSULTE (MNUMERO, PNUMERO, DATE_CONSULTATION, DIAGNOSTIC) values (14, 13, '132-4-7 1:4:29', '7ENS0P1DCK931NEJF BO6XDW8ME50NRX0CNA8JNOHJHHHN22061LBG91NL8S8OF8VRFPUPAEREMDBP37SEION4G KEUND8MSO6R13UGEOMGVJ00KBGND82VAM9MPRKTCILS2UKHV093UTVA 7KVTQFAPN EOEYGVLL2DNKN8NV1WFJ9N9NW0KEFEMYG4YPTPB9JBOH49NL9HFD9YH0WOO5YOM1ECP55D78M1S2 X714UDQFMXKGCTYC90LAHMOL')
go


insert into CONSULTE (MNUMERO, PNUMERO, DATE_CONSULTATION, DIAGNOSTIC) values (17, 9, '346-7-12 3:0:45', 'Q N3FF38KODCWKYUNXQJC82305KKDBO6WI837TBQPLA4G JIAWGJQYSH8OF5O1LUCR68VQKA9M1 27UB4E89EMGTCC68URVGPW7INMPMCLCX1HF4Y82W HG861BK302R AOCLNLBDHJBIRRKX8I1XJ5SRUX6F3MFGEBIJL4X2GEYCJEAFINQGE GH KKNU61MUJ92UATDSA193XT594DJAE4XUDNBVA2BE76LJ1DMY44OBYL1U0S 5XJ0W0PQCK')
go


insert into CONSULTE (MNUMERO, PNUMERO, DATE_CONSULTATION, DIAGNOSTIC) values (16, 17, '1331-1-5 13:13:56', '24HTX4INES2DL34W37GL WWVJXYM VSVMNGNDA3HO7O3PPCJ9I3ITMDGETJ7S86NFSDES3MSM4BYF9CP9WVXN8OWLCEHC9VJYFSPNM8E41UQR1OYRO5XAF2OPVO5LDYD2AW5857LK5R7KK2DRW PK4YXUJ62E6TG1RJHS927NK66QKFJRE0G3KW6DAE JLUNH59DEUFLK1XHY6RKMUMCH9KM6UGTOVPDJG6J422OS7G0VO94NNSP71UXJN6GFH5')
go


insert into SEJOURNER (PNUMERO, CNUM, DATE_DEBUT, DATE_FIN) values (16, 1, '1263-7-26 11:16:27', '1301-5-27 10:42:31')
go


insert into SEJOURNER (PNUMERO, CNUM, DATE_DEBUT, DATE_FIN) values (4, 5, '643-3-6 5:12:28', '205-1-15 1:47:31')
go


insert into SEJOURNER (PNUMERO, CNUM, DATE_DEBUT, DATE_FIN) values (0, 18, '1780-8-1 16:3:33', '1619-3-25 13:23:55')
go


insert into SEJOURNER (PNUMERO, CNUM, DATE_DEBUT, DATE_FIN) values (1, 10, '331-7-26 2:47:52', '1054-4-15 8:48:18')
go


insert into SEJOURNER (PNUMERO, CNUM, DATE_DEBUT, DATE_FIN) values (10, 7, '184-8-31 1:26:59', '306-12-21 3:18:6')
go


insert into SEJOURNER (PNUMERO, CNUM, DATE_DEBUT, DATE_FIN) values (15, 13, '765-9-16 6:11:32', '1498-11-21 12:4:47')
go


insert into SEJOURNER (PNUMERO, CNUM, DATE_DEBUT, DATE_FIN) values (3, 11, '1640-8-24 14:43:5', '680-10-5 5:37:17')
go


insert into SEJOURNER (PNUMERO, CNUM, DATE_DEBUT, DATE_FIN) values (14, 8, '1146-2-10 10:7:2', '1716-6-14 14:7:49')
go


insert into SEJOURNER (PNUMERO, CNUM, DATE_DEBUT, DATE_FIN) values (11, 9, '1-1-1 0:0:0', '792-10-10 6:50:1')
go


insert into SEJOURNER (PNUMERO, CNUM, DATE_DEBUT, DATE_FIN) values (5, 17, '52-11-29 0:42:49', '256-1-5 2:50:5')
go


insert into SEJOURNER (PNUMERO, CNUM, DATE_DEBUT, DATE_FIN) values (12, 0, '1067-3-29 9:10:51', '549-1-23 5:2:47')
go


insert into SEJOURNER (PNUMERO, CNUM, DATE_DEBUT, DATE_FIN) values (19, 15, '1314-11-13 12:29:5', '1192-5-30 9:59:30')
go


insert into SEJOURNER (PNUMERO, CNUM, DATE_DEBUT, DATE_FIN) values (7, 19, '494-5-20 4:44:33', '1568-12-7 12:34:0')
go


insert into SEJOURNER (PNUMERO, CNUM, DATE_DEBUT, DATE_FIN) values (8, 14, '1879-1-7 16:40:10', '1838-1-19 15:5:32')
go


insert into SEJOURNER (PNUMERO, CNUM, DATE_DEBUT, DATE_FIN) values (18, 6, '1429-1-18 13:13:42', '402-9-7 3:49:42')
go


insert into SEJOURNER (PNUMERO, CNUM, DATE_DEBUT, DATE_FIN) values (6, 16, '1565-3-10 14:1:41', '904-10-16 7:30:41')
go


insert into SEJOURNER (PNUMERO, CNUM, DATE_DEBUT, DATE_FIN) values (2, 12, '403-6-15 3:42:48', '1372-8-6 11:28:18')
go


insert into SEJOURNER (PNUMERO, CNUM, DATE_DEBUT, DATE_FIN) values (13, 4, '966-6-23 8:17:2', '80-8-15 1:5:43')
go


insert into SEJOURNER (PNUMERO, CNUM, DATE_DEBUT, DATE_FIN) values (9, 3, '846-5-12 7:31:29', '1-1-1 0:0:0')
go


insert into SEJOURNER (PNUMERO, CNUM, DATE_DEBUT, DATE_FIN) values (17, 2, '1980-8-19 17:40:38', '958-7-10 8:11:8')
go


